{"spx_max_price": 0.1630469127628753, "spx_min_price": -0.217630426001305, "final_train_values": {"macroeconomic_features": {"AAA_Bond_Rate": 4.13, "BAA_Bond_Rate": 5.12, "Consumer_Confidence_Index": 96.5489107393115, "Consumer_Price_Index": 291.268, "Corporate_Profits": 3043.114, "GDP": 19895.271, "GDP per capita": 59688.0, "Money_Velocity": 1.224, "PMI_Manufacturing": 12789.0, "Population": 333250.655, "US_Debt": 121.071, "US_Market_Cap": 144.418277612655, "US_Trade_Balance": 0.98, "Unemployment_Rate": 3.6, "US_Bonds_Rate_10y": 2.9, "US_Bonds_Rate_1y": 2.06, "Credit_Card_Transactions": 1411750.0, "Effective_Rate": 0.77, "Market_Stress": 0.3056}, "technical_features": {"DJI-BBlower": 33200.10349999998, "DJI-BBmiddle": 28369.27749208203, "DJI-BBupper": 38030.929507917936, "DJI-MACD": 1702.8910407851836, "DJI-MACDhist": -397.6425691847867, "DJI-MACDsignal": 2100.5336099699703, "DJI-RSI": 53.732024217500715, "IXIC-BBlower": 13770.663525000002, "IXIC-BBmiddle": 11258.856022982338, "IXIC-BBupper": 16282.471027017666, "IXIC-MACD": 856.8799540241926, "IXIC-MACDhist": -467.62318999805666, "IXIC-MACDsignal": 1324.5031440222492, "IXIC-RSI": 46.0013794912202, "SPX-BBlower": 4235.046450000001, "SPX-BBmiddle": 3631.800315396756, "SPX-BBupper": 4838.292584603246, "SPX-MACD": 203.8605814241373, "SPX-MACDhist": -99.27731765384078, "SPX-MACDsignal": 303.1378990779781, "SPX-RSI": 53.150596217893806}, "market_features": {"DJI_close": 32990.13, "DJI_volume": 12937994171.0, "IXIC_close": 12081.3912, "SPX_close": 4130.289, "SPX_volume": 44001000000.0, "IXIC_volume": 1.0, "Composite_VIX": 26.190000534057617}}, "shift_months": 2}