{"spx_max_price": 0.1630469127628753, "spx_min_price": -0.217630426001305, "final_train_values": {"macroeconomic_features": {"AAA_Bond_Rate": 3.42, "BAA_Bond_Rate": 4.46, "Consumer_Confidence_Index": 101.432645424207, "Consumer_Price_Index": 255.159, "Corporate_Profits": 2007.327, "GDP": 18962.175, "GDP per capita": 57418.0, "Money_Velocity": 5.598, "PMI_Manufacturing": 12820.0, "Population": 328331.949, "US_Debt": 103.52961, "US_Market_Cap": 120.173472202255, "US_Trade_Balance": 2.17, "Unemployment_Rate": 3.6, "US_Bonds_Rate_10y": 2.07, "US_Bonds_Rate_1y": 2.0, "Credit_Card_Transactions": 1631000.0, "Effective_Rate": 2.38, "Market_Stress": -0.3603}, "technical_features": {"DJI-BBlower": 25189.796500000004, "DJI-BBmiddle": 23359.483480265193, "DJI-BBupper": 27020.109519734815, "DJI-MACD": 1228.2300434985118, "DJI-MACDhist": -132.13560411412368, "DJI-MACDsignal": 1360.3656476126355, "DJI-RSI": 61.16156537072802, "IXIC-BBlower": 7437.0875000000015, "IXIC-BBmiddle": 6620.0014699426165, "IXIC-BBupper": 8254.173530057386, "IXIC-MACD": 436.60653506530343, "IXIC-MACDhist": -34.71701440243777, "IXIC-MACDsignal": 471.3235494677412, "IXIC-RSI": 61.42495858324284, "SPX-BBlower": 2773.869, "SPX-BBmiddle": 2537.2034462833676, "SPX-BBupper": 3010.5345537166327, "SPX-MACD": 126.25560555840593, "SPX-MACDhist": 0.010192378916983102, "SPX-MACDsignal": 126.24541317948895, "SPX-RSI": 62.20601037048355}, "market_features": {"DJI_close": 26599.96, "DJI_volume": 9574448320.0, "IXIC_close": 8006.24, "SPX_close": 2980.38, "SPX_volume": 38589600300.0, "IXIC_volume": 1.0, "Composite_VIX": 15.079999923706056}}, "shift_months": 1, "last_training_date": "2019-07-01"}