{"spx_max_price": 0.1630469127628753, "spx_min_price": -0.217630426001305, "shift_months": 1, "last_training_date": "2023-02-01"}