{"spx_max_price": 0.1630469127628753, "spx_min_price": -0.217630426001305}