{"spx_max_price": 0.1630469127628753, "spx_min_price": -0.217630426001305, "final_train_values": {"macroeconomic_features": {"AAA_Bond_Rate": 4.24, "BAA_Bond_Rate": 5.27, "Consumer_Confidence_Index": 96.1432745383185, "Consumer_Price_Index": 294.728, "Corporate_Profits": 3043.114, "GDP": 19895.271, "GDP per capita": 59688.0, "Money_Velocity": 1.224, "PMI_Manufacturing": 12819.0, "Population": 333383.566, "US_Debt": 121.071, "US_Market_Cap": 139.729508116115, "US_Trade_Balance": 1.49, "Unemployment_Rate": 3.6, "US_Bonds_Rate_10y": 3.14, "US_Bonds_Rate_1y": 2.65, "Credit_Card_Transactions": 1350750.0, "Effective_Rate": 1.21, "Market_Stress": -0.1709}, "technical_features": {"DJI-BBlower": 33413.795499999986, "DJI-BBmiddle": 29495.11821996493, "DJI-BBupper": 37332.472780035045, "DJI-MACD": 1339.5560682534306, "DJI-MACDhist": -608.7820333732318, "DJI-MACDsignal": 1948.3381016266624, "DJI-RSI": 46.546426426914735, "IXIC-BBlower": 13776.520765000003, "IXIC-BBmiddle": 11290.99987740975, "IXIC-BBupper": 16262.041652590256, "IXIC-MACD": 585.2956422450206, "IXIC-MACDhist": -591.3660014217828, "IXIC-MACDsignal": 1176.6616436668035, "IXIC-RSI": 40.5214125559684, "SPX-BBlower": 4235.046450000001, "SPX-BBmiddle": 3631.800315396756, "SPX-BBupper": 4838.292584603246, "SPX-MACD": 203.8605814241373, "SPX-MACDhist": -99.27731765384078, "SPX-MACDsignal": 303.1378990779781, "SPX-RSI": 53.150596217893806}, "market_features": {"DJI_close": 30775.44, "DJI_volume": 11679394171.0, "IXIC_close": 11028.7357, "SPX_close": 4130.289, "SPX_volume": 44001000000.0, "IXIC_volume": 1.0, "Composite_VIX": 28.709999084472656}}, "shift_months": 1}